Date	Time	Latitude	Longitude	 Altitude	 Distance
7/9/21	11:26:03	-27.400105	151.787964	417.769989	0
7/9/21	11:27:03	-27.400114	151.787994	419.22998	3.193892
7/9/21	11:28:03	-27.400114	151.787994	419.22998	0
7/9/21	11:29:04	-27.400114	151.787994	419.22998	0
7/9/21	11:30:05	-27.400114	151.787994	419.22998	0
7/9/21	11:31:06	-27.400114	151.787994	419.22998	0
7/9/21	11:32:07	-27.400114	151.787994	419.22998	0
7/9/21	11:33:08	-27.400114	151.787994	419.22998	0
7/9/21	11:34:09	-27.400114	151.787994	419.22998	0
7/9/21	11:35:11	-27.400114	151.787994	419.22998	0
7/9/21	11:36:13	-27.400114	151.787994	419.22998	0
7/9/21	11:37:15	-27.400114	151.787994	419.22998	0
7/9/21	11:38:17	-27.400114	151.787994	419.22998	0
7/9/21	11:39:19	-27.400114	151.787994	419.22998	0
7/9/21	11:40:21	-27.400114	151.787994	419.22998	0
7/9/21	11:41:23	-27.400114	151.787994	419.22998	0
7/9/21	11:42:25	-27.400114	151.787994	419.22998	0
7/9/21	11:43:27	-27.400114	151.787994	419.22998	0
7/9/21	11:44:29	-27.400114	151.787994	419.22998	0
7/9/21	11:45:31	-27.400114	151.787994	419.22998	0
7/9/21	11:46:34	-27.400114	151.787994	419.22998	0
7/9/21	11:47:37	-27.400114	151.787994	419.22998	0
7/9/21	11:48:40	-27.400114	151.787994	419.22998	0
7/9/21	11:49:43	-27.400114	151.787994	419.22998	0
7/9/21	11:50:46	-27.400114	151.787994	419.22998	0
7/9/21	11:51:49	-27.400057	151.788071	424.419983	9.859546
7/9/21	11:52:52	-27.400074	151.788101	422.829987	3.566496
7/9/21	11:53:55	-27.400064	151.788071	410.289978	3.193893
7/9/21	11:54:58	-27.400064	151.788071	410.289978	0
7/9/21	11:56:01	-27.400064	151.788071	410.289978	0
7/9/21	11:57:04	-27.400064	151.788071	410.289978	0
7/9/21	11:58:07	-27.400064	151.788071	410.289978	0
7/9/21	11:59:10	-27.400064	151.788071	410.289978	0
7/9/21	12:00:13	-27.400064	151.788071	410.289978	0
7/9/21	12:01:16	-27.400064	151.788071	410.289978	0
7/9/21	12:02:19	-27.400064	151.788071	410.289978	0
7/9/21	12:03:22	-27.400064	151.788071	410.289978	0
7/9/21	12:04:25	-27.400064	151.788071	410.289978	0
7/9/21	12:05:28	-27.400064	151.788071	410.289978	0
7/9/21	12:06:31	-27.400126	151.788055	425.25	6.951961
7/9/21	12:07:34	-27.400063	151.788071	423.669983	7.159157
7/9/21	12:08:37	-27.400063	151.788071	423.669983	0
7/9/21	12:09:40	-27.400036	151.788101	421.009979	4.229979
7/9/21	12:10:43	-27.400036	151.788101	421.009979	0
7/9/21	12:11:46	-27.400036	151.788101	421.009979	0
7/9/21	12:12:49	-27.400103	151.787949	417.73999	16.793228
7/9/21	12:13:52	-27.400103	151.787949	417.73999	0
7/9/21	12:14:55	-27.400103	151.787949	417.73999	0
7/9/21	12:15:58	-27.400103	151.787949	417.73999	0
7/9/21	12:17:01	-27.400099	151.787933	413.699982	1.564938
7/9/21	12:18:04	-27.400099	151.787933	413.699982	0
7/9/21	12:19:07	-27.400093	151.78801	409.859985	7.558602
7/9/21	12:20:10	-27.400162	151.78801	410.329987	7.63515
7/9/21	12:21:13	-27.400188	151.787964	410.169983	5.407237
7/9/21	12:22:16	-27.400188	151.787964	410.169983	0
7/9/21	12:23:19	-27.400133	151.787964	414.98999	6.150537
7/9/21	12:24:22	-27.400139	151.787949	415.089996	1.635217
7/9/21	12:25:25	-27.400139	151.787949	415.089996	0
7/9/21	12:26:28	-27.400139	151.787949	415.089996	0
7/9/21	12:27:31	-27.400139	151.787949	415.089996	0
7/9/21	12:28:34	-27.400139	151.787949	415.089996	0
7/9/21	12:29:37	-27.400251	151.787949	419.699982	12.513162
7/9/21	12:30:40	-27.400137	151.787949	417	12.725249
7/9/21	12:31:43	-27.400196	151.787964	418.139984	6.745068
7/9/21	12:32:46	-27.400196	151.787964	418.139984	0
7/9/21	12:33:49	-27.400227	151.787964	421.690002	3.3934
7/9/21	12:34:52	-27.400227	151.787964	421.690002	0
7/9/21	12:35:55	-27.400169	151.787979	421.309998	6.538509
7/9/21	12:36:58	-27.400034	151.787903	420.179993	16.836786
7/9/21	12:38:01	-27.400002	151.787933	410.669983	4.698508
7/9/21	12:39:04	-27.400051	151.787964	412.039978	6.283602
7/9/21	12:40:07	-27.400158	151.788025	414.079987	13.317899
7/9/21	12:41:10	-27.400249	151.787964	423.199982	11.829712
7/9/21	12:42:13	-27.400249	151.787964	423.199982	0
7/9/21	12:43:16	-27.400249	151.787964	423.199982	0
7/9/21	12:44:19	-27.400249	151.787964	423.199982	0
7/9/21	12:45:22	-27.400249	151.787964	423.199982	0
7/9/21	12:46:25	-27.400249	151.787964	423.199982	0
7/9/21	12:47:28	-27.400249	151.787964	423.199982	0
7/9/21	12:48:31	-27.400249	151.787964	423.199982	0
7/9/21	12:49:34	-27.400249	151.787964	423.199982	0
7/9/21	12:50:37	-27.400249	151.787964	423.199982	0
7/9/21	12:51:40	-27.400249	151.787964	423.199982	0
7/9/21	12:52:43	-27.400249	151.787964	423.199982	0
7/9/21	12:53:46	-27.400249	151.787964	423.199982	0
7/9/21	12:54:49	-27.400249	151.787964	423.199982	0
7/9/21	12:55:52	-27.400249	151.787964	423.199982	0
7/9/21	12:56:55	-27.400249	151.787964	423.199982	0
7/9/21	12:57:58	-27.400152	151.787994	418.679993	11.22819
7/9/21	12:59:01	-27.400131	151.787979	416.209991	2.777016
7/9/21	13:00:04	-27.400131	151.787979	416.209991	0
7/9/21	13:01:07	-27.400131	151.787979	416.209991	0
7/9/21	13:02:10	-27.400131	151.787979	416.209991	0
7/9/21	13:03:13	-27.400131	151.787979	416.209991	0
7/9/21	13:04:16	-27.400131	151.787979	416.209991	0
7/9/21	13:05:19	-27.400131	151.787979	416.209991	0
7/9/21	13:06:22	-27.400131	151.787979	416.209991	0
7/9/21	13:07:25	-27.400131	151.787979	416.209991	0
7/9/21	13:08:28	-27.400131	151.787979	416.209991	0
7/9/21	13:09:31	-27.400108	151.787979	419.630005	2.54505
7/9/21	13:10:34	-27.400118	151.78801	416.679993	3.193892
7/9/21	13:11:37	-27.400103	151.787994	418.339996	2.268897
7/9/21	13:12:40	-27.400105	151.787994	409	0.212087
7/9/21	13:13:43	-27.400095	151.787979	405.220001	1.842182
7/9/21	13:14:46	-27.400095	151.787979	405.220001	0
7/9/21	13:15:49	-27.40016	151.78804	411.220001	9.397011
7/9/21	13:16:52	-27.40016	151.78804	411.220001	0
7/9/21	13:17:55	-27.40016	151.78804	411.220001	0
7/9/21	13:18:58	-27.40016	151.78804	411.220001	0
7/9/21	13:20:01	-27.40016	151.78804	411.220001	0
7/9/21	13:21:04	-27.40016	151.78804	411.220001	0
7/9/21	13:22:07	-27.40016	151.78804	411.220001	0
7/9/21	13:23:10	-27.40016	151.78804	411.220001	0
7/9/21	13:24:13	-27.40016	151.78804	411.220001	0
7/9/21	13:25:16	-27.40016	151.78804	411.220001	0
7/9/21	13:26:19	-27.40016	151.78804	411.220001	0
7/9/21	13:27:22	-27.40016	151.78804	411.220001	0
7/9/21	13:28:25	-27.40016	151.78804	411.220001	0
7/9/21	13:29:28	-27.40016	151.78804	411.220001	0
7/9/21	13:30:31	-27.40016	151.78804	411.220001	0
7/9/21	13:31:34	-27.40016	151.78804	411.220001	0
7/9/21	13:32:37	-27.40016	151.78804	411.220001	0
7/9/21	13:33:40	-27.40016	151.78804	411.220001	0
7/9/21	13:34:43	-27.400112	151.788025	416.759979	5.512014
7/9/21	13:35:46	-27.400112	151.788025	416.759979	0
7/9/21	13:36:49	-27.400112	151.788025	416.759979	0
7/9/21	13:37:52	-27.400112	151.788025	416.759979	0
7/9/21	13:38:55	-27.400112	151.788025	416.759979	0
7/9/21	13:39:58	-27.400112	151.788025	416.759979	0
7/9/21	13:41:01	-27.400112	151.788025	416.759979	0
7/9/21	13:42:04	-27.400112	151.788025	416.759979	0
7/9/21	13:43:07	-27.400112	151.788025	416.759979	0
7/9/21	13:44:10	-27.400112	151.788025	416.759979	0
7/9/21	13:45:13	-27.400112	151.788025	416.759979	0
7/9/21	13:46:16	-27.400112	151.788025	416.759979	0
7/9/21	13:47:19	-27.400112	151.788025	416.759979	0
7/9/21	13:48:22	-27.400112	151.788025	416.759979	0
7/9/21	13:49:25	-27.400112	151.788025	416.759979	0
7/9/21	13:50:28	-27.400112	151.788025	416.759979	0
7/9/21	13:51:31	-27.400112	151.788025	416.759979	0
7/9/21	13:52:34	-27.400112	151.788025	416.759979	0
7/9/21	13:53:37	-27.400112	151.788025	416.759979	0
7/9/21	13:54:40	-27.400112	151.788025	416.759979	0
7/9/21	13:55:43	-27.400112	151.788025	416.759979	0
7/9/21	13:56:46	-27.400112	151.788025	416.759979	0
7/9/21	13:57:49	-27.400112	151.788025	416.759979	0
7/9/21	13:58:52	-27.400112	151.788025	416.759979	0
7/9/21	13:59:55	-27.400112	151.788025	416.759979	0
7/9/21	14:00:58	-27.400074	151.788132	416.419983	11.365677
7/9/21	14:02:01	-27.400074	151.788132	416.419983	0
7/9/21	14:03:04	-27.400074	151.788132	416.419983	0
7/9/21	14:04:07	-27.40008	151.788116	417.449982	1.635217
7/9/21	14:05:10	-27.40008	151.788116	417.449982	0
7/9/21	14:06:13	-27.400055	151.787994	414.720001	12.362226
7/9/21	14:07:16	-27.400055	151.787994	414.720001	0
7/9/21	14:08:18	-27.40011	151.788071	417.139984	9.72403
7/9/21	14:09:20	-27.400051	151.78804	412.849976	7.2321
7/9/21	14:10:22	-27.400063	151.788162	416.149994	12.117845
7/9/21	14:11:24	-27.400026	151.788132	419.5	5.031362
7/9/21	14:12:26	-27.40007	151.788055	423.690002	8.973443
7/9/21	14:13:28	-27.400118	151.788055	426.970001	5.302187
7/9/21	14:14:30	-27.400068	151.788071	428.599976	5.716322
7/9/21	14:15:32	-27.400068	151.788071	428.599976	0
7/9/21	14:16:34	-27.400068	151.788071	428.599976	0
7/9/21	14:17:36	-27.400068	151.788071	428.599976	0
7/9/21	14:18:38	-27.400068	151.788071	428.599976	0
7/9/21	14:19:40	-27.400068	151.788071	428.599976	0
7/9/21	14:20:42	-27.400068	151.788071	428.599976	0
7/9/21	14:21:44	-27.400068	151.788071	428.599976	0
7/9/21	14:22:46	-27.400068	151.788071	428.599976	0
7/9/21	14:23:48	-27.400154	151.787964	432.539978	14.222267
7/9/21	14:24:50	-27.400024	151.78804	425.119995	16.270226
7/9/21	14:25:52	-27.400145	151.78804	421.679993	13.361512
7/9/21	14:26:54	-27.400116	151.788025	418.699982	3.519922
7/9/21	14:27:55	-27.400116	151.788025	418.699982	0
7/9/21	14:28:56	-27.400116	151.788025	418.699982	0
7/9/21	14:29:57	-27.400116	151.788025	418.699982	0
7/9/21	14:30:58	-27.400043	151.788055	436.259979	8.604019
7/9/21	14:31:59	-27.400043	151.78801	434.459991	4.519067
7/9/21	14:33:00	-27.400043	151.78801	434.459991	0
7/9/21	14:34:01	-27.400091	151.78801	412.839996	5.302187
7/9/21	14:35:02	-27.400091	151.78801	412.839996	0
7/9/21	14:36:03	-27.400091	151.78801	412.839996	0
7/9/21	14:37:04	-27.400091	151.78801	412.839996	0
7/9/21	14:38:05	-27.400091	151.78801	412.839996	0
7/9/21	14:39:06	-27.400091	151.78801	412.839996	0
7/9/21	14:40:07	-27.400091	151.78801	412.839996	0
7/9/21	14:41:08	-27.400091	151.78801	412.839996	0
7/9/21	14:42:09	-27.400091	151.78801	412.839996	0
7/9/21	14:43:10	-27.400091	151.78801	412.839996	0
7/9/21	14:44:11	-27.400091	151.78801	412.839996	0
7/9/21	14:45:12	-27.400091	151.78801	412.839996	0
7/9/21	14:46:13	-27.400091	151.78801	412.839996	0
7/9/21	14:47:14	-27.400091	151.78801	412.839996	0
7/9/21	14:48:15	-27.400091	151.78801	412.839996	0
7/9/21	14:49:16	-27.400091	151.78801	412.839996	0
7/9/21	14:50:17	-27.400091	151.78801	412.839996	0
7/9/21	14:51:18	-27.400091	151.78801	412.839996	0
7/9/21	14:52:19	-27.400091	151.78801	412.839996	0
7/9/21	14:53:20	-27.400091	151.78801	412.839996	0
7/9/21	14:54:21	-27.400091	151.78801	412.839996	0
7/9/21	14:55:22	-27.400108	151.787979	420.119995	3.566496
7/9/21	14:56:23	-27.400152	151.78801	415.329987	5.73336
7/9/21	14:57:24	-27.400084	151.788071	413.389984	9.726314
7/9/21	14:58:25	-27.400084	151.788071	413.389984	0
7/9/21	14:59:26	-27.400084	151.788071	413.389984	0
7/9/21	15:00:26	-27.400084	151.788071	413.389984	0
7/9/21	15:01:27	-27.400084	151.788071	413.389984	0
7/9/21	15:02:28	-27.400084	151.788071	413.389984	0
7/9/21	15:03:28	-27.400084	151.788071	413.389984	0
7/9/21	15:04:28	-27.400084	151.788071	413.389984	0
7/9/21	15:05:28	-27.400084	151.788071	413.389984	0
7/9/21	15:06:28	-27.400084	151.788071	413.389984	0
7/9/21	15:07:28	-27.400084	151.788071	413.389984	0
7/9/21	15:08:28	-27.400084	151.788071	413.389984	0
7/9/21	15:09:28	-27.400084	151.788071	413.389984	0
7/9/21	15:10:28	-27.400084	151.788071	413.389984	0
7/9/21	15:11:28	-27.400084	151.788071	413.389984	0
7/9/21	15:12:28	-27.400084	151.788071	413.389984	0
7/9/21	15:13:28	-27.400084	151.788071	413.389984	0
7/9/21	15:14:28	-27.400084	151.788071	413.389984	0
7/9/21	15:15:28	-27.40011	151.787994	422.690002	8.095921
7/9/21	15:16:28	-27.40008	151.788025	421.910004	4.537795
7/9/21	15:17:28	-27.40008	151.788025	421.910004	0
7/9/21	15:18:28	-27.40008	151.788025	421.910004	0
7/9/21	15:19:28	-27.40008	151.788025	421.910004	0
7/9/21	15:20:28	-27.400137	151.788025	409.459991	6.362625
7/9/21	15:21:28	-27.400154	151.78804	406.839996	2.431578
7/9/21	15:22:28	-27.400154	151.78804	406.839996	0
7/9/21	15:23:28	-27.400154	151.78804	406.839996	0
7/9/21	15:24:28	-27.400154	151.78804	406.839996	0
7/9/21	15:25:28	-27.400154	151.78804	406.839996	0
7/9/21	15:26:28	-27.400154	151.78804	406.839996	0
7/9/21	15:27:28	-27.400154	151.78804	406.839996	0
7/9/21	15:28:28	-27.400154	151.78804	406.839996	0
7/9/21	15:29:28	-27.400154	151.78804	406.839996	0
7/9/21	15:30:28	-27.400154	151.78804	406.839996	0
7/9/21	15:31:28	-27.400154	151.78804	406.839996	0
7/9/21	15:32:28	-27.400127	151.78804	408.380005	2.969225
7/9/21	15:33:30	-27.400188	151.788101	422.720001	9.075588
7/9/21	15:34:32	-27.400188	151.788101	422.720001	0
7/9/21	15:35:34	-27.400188	151.788101	422.720001	0
7/9/21	15:36:36	-27.400188	151.788101	422.720001	0
7/9/21	15:37:38	-27.400188	151.788101	422.720001	0
7/9/21	15:38:40	-27.400188	151.788101	422.720001	0
7/9/21	15:39:42	-27.400188	151.788101	422.720001	0
7/9/21	15:40:44	-27.400188	151.788101	422.720001	0
7/9/21	15:41:46	-27.400188	151.788101	422.720001	0
7/9/21	15:42:48	-27.400188	151.788101	422.720001	0
7/9/21	15:43:50	-27.400188	151.788101	422.720001	0
7/9/21	15:44:52	-27.400188	151.788101	422.720001	0
7/9/21	15:45:54	-27.400188	151.788101	422.720001	0
7/9/21	15:46:55	-27.400188	151.788101	422.720001	0
7/9/21	15:47:56	-27.400188	151.788101	422.720001	0
7/9/21	15:48:57	-27.400188	151.788101	422.720001	0
7/9/21	15:49:58	-27.400188	151.788101	422.720001	0
7/9/21	15:50:59	-27.400188	151.788101	422.720001	0
7/9/21	15:52:00	-27.400188	151.788101	422.720001	0
7/9/21	15:53:01	-27.400188	151.788101	422.720001	0
7/9/21	15:54:02	-27.400188	151.788101	422.720001	0
7/9/21	15:55:03	-27.400188	151.788101	422.720001	0
7/9/21	15:56:04	-27.400188	151.788101	422.720001	0
7/9/21	15:57:05	-27.400188	151.788101	422.720001	0
7/9/21	15:58:06	-27.400188	151.788101	422.720001	0
7/9/21	15:59:07	-27.400188	151.788101	422.720001	0
7/9/21	16:00:08	-27.400188	151.788101	422.720001	0
7/9/21	16:01:09	-27.400188	151.788101	422.720001	0
7/9/21	16:02:10	-27.400188	151.788101	422.720001	0
7/9/21	16:03:11	-27.400188	151.788101	422.720001	0
7/9/21	16:04:12	-27.400188	151.788101	422.720001	0
7/9/21	16:05:13	-27.400188	151.788101	422.720001	0
7/9/21	16:06:14	-27.400188	151.788101	422.720001	0
7/9/21	16:07:15	-27.400188	151.788101	422.720001	0
7/9/21	16:08:16	-27.400188	151.788101	422.720001	0
7/9/21	16:09:17	-27.400188	151.788101	422.720001	0
7/9/21	16:10:18	-27.400188	151.788101	422.720001	0
7/9/21	16:11:19	-27.400188	151.788101	422.720001	0
7/9/21	16:12:20	-27.400188	151.788101	422.720001	0
7/9/21	16:13:21	-27.400188	151.788101	422.720001	0
7/9/21	16:14:22	-27.400188	151.788101	422.720001	0
7/9/21	16:15:23	-27.400188	151.788101	422.720001	0
7/9/21	16:16:24	-27.400188	151.788101	422.720001	0
7/9/21	16:17:25	-27.400188	151.788101	422.720001	0
7/9/21	16:18:26	-27.400188	151.788101	422.720001	0
7/9/21	16:19:27	-27.400188	151.788101	422.720001	0
7/9/21	16:20:28	-27.400188	151.788101	422.720001	0
7/9/21	16:21:29	-27.400188	151.788101	422.720001	0
7/9/21	16:22:30	-27.400188	151.788101	422.720001	0
7/9/21	16:23:31	-27.400188	151.788101	422.720001	0
7/9/21	16:24:32	-27.400188	151.788101	422.720001	0
7/9/21	16:25:33	-27.400188	151.788101	422.720001	0
7/9/21	16:26:34	-27.400188	151.788101	422.720001	0
7/9/21	16:27:35	-27.400188	151.788101	422.720001	0
7/9/21	16:28:36	-27.400188	151.788101	422.720001	0
7/9/21	16:29:37	-27.400188	151.788101	422.720001	0
7/9/21	16:30:38	-27.400188	151.788101	422.720001	0
7/9/21	16:31:39	-27.400188	151.788101	422.720001	0
7/9/21	16:32:40	-27.400188	151.788101	422.720001	0
7/9/21	16:33:41	-27.400188	151.788101	422.720001	0
7/9/21	16:34:42	-27.400188	151.788101	422.720001	0
7/9/21	16:35:43	-27.400188	151.788101	422.720001	0
7/9/21	16:36:44	-27.400188	151.788101	422.720001	0
7/9/21	16:37:45	-27.400188	151.788101	422.720001	0
7/9/21	16:38:46	-27.400188	151.788101	422.720001	0
7/9/21	16:39:47	-27.400188	151.788101	422.720001	0
7/9/21	16:40:48	-27.400188	151.788101	422.720001	0
7/9/21	16:41:49	-27.400188	151.788101	422.720001	0
7/9/21	16:42:50	-27.400188	151.788101	422.720001	0
7/9/21	16:43:51	-27.400188	151.788101	422.720001	0
7/9/21	16:44:52	-27.400188	151.788101	422.720001	0
7/9/21	16:45:53	-27.400188	151.788101	422.720001	0
7/9/21	16:46:54	-27.400188	151.788101	422.720001	0
7/9/21	16:47:55	-27.400188	151.788101	422.720001	0
7/9/21	16:48:56	-27.400188	151.788101	422.720001	0
7/9/21	16:49:57	-27.400188	151.788101	422.720001	0
7/9/21	16:50:58	-27.400188	151.788101	422.720001	0
7/9/21	16:51:59	-27.400188	151.788101	422.720001	0
7/9/21	16:53:00	-27.400188	151.788101	422.720001	0
7/9/21	16:54:01	-27.400188	151.788101	422.720001	0
7/9/21	16:55:02	-27.400181	151.788223	437.779999	12.080654
7/9/21	16:56:03	-27.400181	151.788223	437.769989	0
7/9/21	16:57:04	-27.400181	151.788223	437.769989	0
7/9/21	16:58:05	-27.400181	151.788223	437.769989	0
7/9/21	16:59:06	-27.400181	151.788223	437.769989	0
7/9/21	17:00:07	-27.400181	151.788223	437.769989	0
7/9/21	17:01:08	-27.400181	151.788223	437.769989	0
7/9/21	17:02:09	-27.400181	151.788223	437.769989	0
7/9/21	17:03:10	-27.400181	151.788223	437.769989	0
7/9/21	17:04:11	-27.400181	151.788223	437.769989	0
7/9/21	17:05:12	-27.400181	151.788223	437.769989	0
7/9/21	17:06:13	-27.400181	151.788223	437.769989	0
7/9/21	17:07:14	-27.400181	151.788223	437.769989	0
7/9/21	17:08:15	-27.400181	151.788223	437.769989	0
7/9/21	17:09:16	-27.400181	151.788223	437.769989	0
7/9/21	17:10:17	-27.400181	151.788223	437.769989	0
7/9/21	17:11:18	-27.400181	151.788223	437.769989	0
7/9/21	17:12:19	-27.400181	151.788223	437.769989	0
7/9/21	17:13:20	-27.400181	151.788223	437.769989	0
7/9/21	17:14:21	-27.400181	151.788223	437.769989	0
7/9/21	17:15:22	-27.400181	151.788223	437.769989	0
7/9/21	17:16:23	-27.400181	151.788223	437.769989	0
7/9/21	17:17:24	-27.400181	151.788223	437.769989	0
7/9/21	17:18:25	-27.400181	151.788223	437.769989	0
7/9/21	17:19:26	-27.400181	151.788223	437.769989	0
7/9/21	17:20:27	-27.400181	151.788223	437.769989	0
7/9/21	17:21:28	-27.400181	151.788223	437.769989	0
7/9/21	17:22:29	-27.400181	151.788223	437.769989	0
7/9/21	17:23:30	-27.400181	151.788223	437.769989	0
7/9/21	17:24:30	-27.400181	151.788223	437.769989	0
7/9/21	17:25:30	-27.400255	151.788086	424.509979	15.881228
7/9/21	17:26:30	-27.400255	151.788086	424.509979	0
7/9/21	17:27:30	-27.400255	151.788086	424.509979	0
7/9/21	17:28:30	-27.400255	151.788086	424.509979	0
7/9/21	17:29:30	-27.400255	151.788086	424.509979	0
7/9/21	17:30:30	-27.400255	151.788086	424.509979	0
7/9/21	17:31:30	-27.400255	151.788086	424.509979	0
7/9/21	17:32:30	-27.400255	151.788086	424.509979	0
7/9/21	17:33:30	-27.400255	151.788086	424.509979	0
7/9/21	17:34:30	-27.400255	151.788086	424.509979	0
7/9/21	17:35:30	-27.400255	151.788086	424.509979	0
7/9/21	17:36:30	-27.400255	151.788086	424.509979	0
7/9/21	17:37:30	-27.400255	151.788086	424.509979	0
7/9/21	17:38:30	-27.400255	151.788086	424.509979	0
7/9/21	17:39:30	-27.400255	151.788086	424.509979	0
7/9/21	17:40:30	-27.400255	151.788086	424.509979	0
7/9/21	17:41:30	-27.400255	151.788086	424.509979	0
7/9/21	17:42:30	-27.400255	151.788086	424.509979	0
7/9/21	17:43:30	-27.400255	151.788086	424.509979	0
7/9/21	17:44:30	-27.400255	151.788086	424.509979	0
7/9/21	17:45:30	-27.400255	151.788086	424.509979	0
7/9/21	17:46:30	-27.400255	151.788086	424.509979	0
7/9/21	17:47:30	-27.400255	151.788086	424.509979	0
7/9/21	17:48:30	-27.400255	151.788086	424.509979	0
7/9/21	17:49:30	-27.400255	151.788086	424.509979	0
7/9/21	17:50:30	-27.400255	151.788086	424.509979	0
7/9/21	17:51:30	-27.400255	151.788086	424.509979	0
7/9/21	17:52:30	-27.400255	151.788086	424.509979	0
7/9/21	17:53:30	-27.400169	151.788147	406.829987	11.286822
7/9/21	17:54:30	-27.400169	151.788147	406.829987	0
7/9/21	17:55:30	-27.400169	151.788147	406.829987	0
7/9/21	17:56:30	-27.400169	151.788147	406.829987	0
7/9/21	17:57:30	-27.400169	151.788147	406.829987	0
7/9/21	17:58:30	-27.400169	151.788147	406.829987	0
7/9/21	17:59:30	-27.400169	151.788147	406.829987	0
7/9/21	18:00:30	-27.400169	151.788147	406.829987	0
7/9/21	18:01:30	-27.400169	151.788147	406.829987	0
7/9/21	18:02:30	-27.400169	151.788147	406.829987	0
7/9/21	18:03:30	-27.400169	151.788147	406.829987	0
7/9/21	18:04:30	-27.400286	151.788177	422.539978	13.283489
7/9/21	18:05:30	-27.400286	151.788177	422.539978	0
7/9/21	18:06:30	-27.400301	151.788208	426.149994	3.457626
7/9/21	18:07:30	-27.400301	151.788208	426.149994	0
7/9/21	18:08:30	-27.400301	151.788208	426.149994	0
7/9/21	18:09:30	-27.400301	151.788208	426.149994	0
7/9/21	18:10:30	-27.400301	151.788208	426.149994	0
7/9/21	18:11:30	-27.400301	151.788208	426.149994	0
7/9/21	18:12:30	-27.400301	151.788208	426.149994	0
7/9/21	18:13:30	-27.400301	151.788208	426.149994	0
7/9/21	18:14:30	-27.400301	151.788208	426.149994	0
7/9/21	18:15:30	-27.400219	151.788071	427.389984	16.339126
7/9/21	18:16:30	-27.400219	151.788071	427.389984	0
7/9/21	18:17:30	-27.400219	151.788071	427.389984	0
7/9/21	18:18:30	-27.400219	151.788071	427.389984	0
7/9/21	18:19:30	-27.400219	151.788071	427.389984	0
7/9/21	18:20:29	-27.400219	151.788071	427.389984	0
7/9/21	18:21:28	-27.400219	151.788071	427.389984	0
7/9/21	18:22:27	-27.400219	151.788071	427.389984	0
7/9/21	18:23:26	-27.400219	151.788071	427.389984	0
7/9/21	18:24:25	-27.400219	151.788071	427.389984	0
7/9/21	18:25:24	-27.400219	151.788071	427.389984	0
7/9/21	18:26:23	-27.400219	151.788071	427.389984	0
7/9/21	18:27:22	-27.400219	151.788071	427.389984	0
7/9/21	18:28:21	-27.400219	151.788071	427.389984	0
7/9/21	18:29:20	-27.400219	151.788071	427.389984	0
7/9/21	18:30:19	-27.400219	151.788071	427.389984	0
7/9/21	18:31:18	-27.400219	151.788071	427.389984	0
7/9/21	18:32:17	-27.400219	151.788071	427.389984	0
7/9/21	18:33:16	-27.400219	151.788071	427.389984	0
7/9/21	18:34:15	-27.400219	151.788071	427.389984	0
7/9/21	18:35:14	-27.400219	151.788071	427.389984	0
7/9/21	18:36:13	-27.400219	151.788071	427.389984	0
7/9/21	18:37:12	-27.400219	151.788071	427.389984	0
7/9/21	18:38:11	-27.400219	151.788071	427.389984	0
7/9/21	18:39:10	-27.400219	151.788071	427.389984	0
7/9/21	18:40:09	-27.400219	151.788071	427.389984	0
7/9/21	18:41:08	-27.400219	151.788071	427.389984	0
7/9/21	18:42:07	-27.400219	151.788071	427.389984	0
7/9/21	18:43:06	-27.400219	151.788071	427.389984	0
7/9/21	18:44:05	-27.400219	151.788071	427.389984	0
7/9/21	18:45:04	-27.400219	151.788071	427.389984	0
7/9/21	18:46:03	-27.400219	151.788071	427.389984	0
7/9/21	18:47:02	-27.400219	151.788071	427.389984	0
7/9/21	18:48:01	-27.400219	151.788071	427.389984	0
7/9/21	18:49:00	-27.400219	151.788071	427.389984	0
7/9/21	18:49:59	-27.400219	151.788071	427.389984	0
7/9/21	18:50:58	-27.400219	151.788071	427.389984	0
7/9/21	18:51:57	-27.400219	151.788071	427.389984	0
7/9/21	18:52:56	-27.400219	151.788071	427.389984	0
7/9/21	18:53:55	-27.400219	151.788071	427.389984	0
7/9/21	18:54:54	-27.400219	151.788071	427.389984	0
7/9/21	18:55:53	-27.400219	151.788071	427.389984	0
7/9/21	18:56:52	-27.400219	151.788071	427.389984	0
7/9/21	18:57:51	-27.400219	151.788071	427.389984	0
7/9/21	18:58:50	-27.400219	151.788071	427.389984	0
7/9/21	18:59:49	-27.400219	151.788071	427.389984	0
7/9/21	19:00:47	-27.400219	151.788071	427.389984	0
7/9/21	19:01:45	-27.400219	151.788071	427.389984	0
7/9/21	19:02:43	-27.400219	151.788071	427.389984	0
7/9/21	19:03:41	-27.400219	151.788071	427.389984	0
7/9/21	19:04:39	-27.400219	151.788071	427.389984	0
7/9/21	19:05:37	-27.400219	151.788071	427.389984	0
7/9/21	19:06:35	-27.400219	151.788071	427.389984	0
7/9/21	19:07:33	-27.400219	151.788071	427.389984	0
7/9/21	19:08:31	-27.400219	151.788071	427.389984	0
7/9/21	19:09:29	-27.400219	151.788071	427.389984	0
7/9/21	19:10:27	-27.400219	151.788071	427.389984	0
7/9/21	19:11:25	-27.400219	151.788071	427.389984	0
7/9/21	19:12:23	-27.400219	151.788071	427.389984	0
7/9/21	19:13:21	-27.400219	151.788071	427.389984	0
7/9/21	19:14:19	-27.400219	151.788071	427.389984	0
7/9/21	19:15:17	-27.400219	151.788071	427.389984	0
7/9/21	19:16:15	-27.400219	151.788071	427.389984	0
7/9/21	19:17:13	-27.400219	151.788071	427.389984	0
7/9/21	19:18:11	-27.400219	151.788071	427.389984	0
7/9/21	19:19:09	-27.400219	151.788071	427.389984	0
7/9/21	19:20:07	-27.400219	151.788071	427.389984	0
7/9/21	19:21:05	-27.400219	151.788071	427.389984	0
7/9/21	19:22:03	-27.400219	151.788071	427.389984	0
7/9/21	19:23:01	-27.400219	151.788071	427.389984	0
7/9/21	19:23:59	-27.400219	151.788071	427.389984	0
7/9/21	19:24:57	-27.400219	151.788071	427.389984	0
7/9/21	19:25:55	-27.400219	151.788071	427.389984	0
7/9/21	19:26:53	-27.400219	151.788071	427.389984	0
7/9/21	19:27:51	-27.400219	151.788071	427.389984	0
7/9/21	19:28:49	-27.400219	151.788071	427.389984	0
7/9/21	19:29:47	-27.400219	151.788071	427.389984	0
7/9/21	19:30:45	-27.400219	151.788071	427.389984	0
7/9/21	19:31:43	-27.400219	151.788071	427.389984	0
7/9/21	19:32:41	-27.400219	151.788071	427.389984	0
7/9/21	19:33:39	-27.400219	151.788071	427.389984	0
7/9/21	19:34:37	-27.400219	151.788071	427.389984	0
7/9/21	19:35:35	-27.400219	151.788071	427.389984	0
7/9/21	19:36:33	-27.400219	151.788071	427.389984	0
7/9/21	19:37:31	-27.400219	151.788071	427.389984	0
7/9/21	19:38:29	-27.400219	151.788071	427.389984	0
7/9/21	19:39:27	-27.400219	151.788071	427.389984	0
7/9/21	19:40:25	-27.400219	151.788071	427.389984	0
7/9/21	19:41:23	-27.400219	151.788071	427.389984	0
7/9/21	19:42:21	-27.400219	151.788071	427.389984	0
7/9/21	19:43:19	-27.400219	151.788071	427.389984	0
7/9/21	19:44:17	-27.400219	151.788071	427.389984	0
7/9/21	19:45:15	-27.400219	151.788071	427.389984	0
7/9/21	19:46:13	-27.400219	151.788071	427.389984	0
7/9/21	19:47:11	-27.400219	151.788071	427.389984	0
7/9/21	19:48:09	-27.400219	151.788071	427.389984	0
7/9/21	19:49:07	-27.400219	151.788071	427.389984	0
7/9/21	19:50:05	-27.400219	151.788071	427.389984	0
7/9/21	19:51:03	-27.400219	151.788071	427.389984	0
7/9/21	19:52:01	-27.400219	151.788071	427.389984	0
7/9/21	19:52:59	-27.400219	151.788071	427.389984	0
7/9/21	19:53:57	-27.400219	151.788071	427.389984	0
7/9/21	19:54:55	-27.400219	151.788071	427.389984	0
7/9/21	19:55:53	-27.400219	151.788071	427.389984	0
7/9/21	19:56:51	-27.400219	151.788071	427.389984	0
7/9/21	19:57:49	-27.400219	151.788071	427.389984	0
7/9/21	19:58:47	-27.400219	151.788071	427.389984	0
7/9/21	19:59:45	-27.400219	151.788071	427.389984	0
7/9/21	20:00:43	-27.400219	151.788071	427.389984	0
7/9/21	20:01:41	-27.400219	151.788071	427.389984	0
7/9/21	20:02:39	-27.400219	151.788071	427.389984	0
7/9/21	20:03:37	-27.400219	151.788071	427.389984	0
7/9/21	20:04:35	-27.400219	151.788071	427.389984	0
7/9/21	20:05:33	-27.400219	151.788071	427.389984	0
7/9/21	20:06:31	-27.400219	151.788071	427.389984	0
7/9/21	20:07:29	-27.400219	151.788071	427.389984	0
7/9/21	20:08:27	-27.400219	151.788071	427.389984	0
7/9/21	20:09:25	-27.400219	151.788071	427.389984	0
7/9/21	20:10:23	-27.400219	151.788071	427.389984	0
7/9/21	20:11:21	-27.400219	151.788071	427.389984	0
7/9/21	20:12:19	-27.400219	151.788071	427.389984	0
7/9/21	20:13:17	-27.400219	151.788071	427.389984	0
7/9/21	20:14:15	-27.400219	151.788071	427.389984	0
7/9/21	20:15:12	-27.400219	151.788071	427.389984	0
7/9/21	20:16:09	-27.400219	151.788071	427.389984	0
7/9/21	20:17:06	-27.400219	151.788071	427.389984	0
7/9/21	20:18:03	-27.400219	151.788071	427.389984	0
7/9/21	20:19:00	-27.400219	151.788071	427.389984	0
7/9/21	20:19:57	-27.400219	151.788071	427.389984	0
7/9/21	20:20:54	-27.400219	151.788071	427.389984	0
7/9/21	20:21:51	-27.400219	151.788071	427.389984	0
7/9/21	20:22:48	-27.400219	151.788071	427.389984	0
7/9/21	20:23:45	-27.400219	151.788071	427.389984	0
7/9/21	20:24:42	-27.400219	151.788071	427.389984	0
7/9/21	20:25:39	-27.400219	151.788071	427.389984	0
7/9/21	20:26:36	-27.400219	151.788071	427.389984	0
7/9/21	20:27:33	-27.400219	151.788071	427.389984	0
7/9/21	20:28:30	-27.400219	151.788071	427.389984	0
7/9/21	20:29:27	-27.400219	151.788071	427.389984	0
7/9/21	20:30:24	-27.400219	151.788071	427.389984	0
7/9/21	20:31:21	-27.400219	151.788071	427.389984	0
7/9/21	20:32:18	-27.400219	151.788071	427.389984	0
7/9/21	20:33:15	-27.400219	151.788071	427.389984	0
7/9/21	20:34:12	-27.400219	151.788071	427.389984	0
7/9/21	20:35:09	-27.400219	151.788071	427.389984	0
7/9/21	20:36:06	-27.400219	151.788071	427.389984	0
7/9/21	20:37:03	-27.400219	151.788071	427.389984	0
7/9/21	20:38:00	-27.400219	151.788071	427.389984	0
7/9/21	20:38:57	-27.400219	151.788071	427.389984	0
7/9/21	20:39:54	-27.400219	151.788071	427.389984	0
7/9/21	20:40:51	-27.400219	151.788071	427.389984	0
7/9/21	20:41:48	-27.400219	151.788071	427.389984	0
7/9/21	20:42:45	-27.400219	151.788071	427.389984	0
7/9/21	20:43:42	-27.400219	151.788071	427.389984	0
7/9/21	20:44:39	-27.400219	151.788071	427.389984	0
7/9/21	20:45:36	-27.400219	151.788071	427.389984	0
7/9/21	20:46:33	-27.400219	151.788071	427.389984	0
7/9/21	20:47:30	-27.400219	151.788071	427.389984	0
7/9/21	20:48:27	-27.400219	151.788071	427.389984	0
7/9/21	20:49:24	-27.400219	151.788071	427.389984	0
7/9/21	20:50:21	-27.400219	151.788071	427.389984	0
7/9/21	20:51:18	-27.400219	151.788071	427.389984	0
7/9/21	20:52:15	-27.400219	151.788071	427.389984	0
7/9/21	20:53:12	-27.400219	151.788071	427.389984	0
7/9/21	20:54:09	-27.400219	151.788071	427.389984	0
7/9/21	20:55:06	-27.400219	151.788071	427.389984	0
7/9/21	20:56:03	-27.400219	151.788071	427.389984	0
7/9/21	20:57:00	-27.400219	151.788071	427.389984	0
7/9/21	20:57:57	-27.400219	151.788071	427.389984	0
7/9/21	20:58:54	-27.400219	151.788071	427.389984	0
7/9/21	20:59:51	-27.400219	151.788071	427.389984	0
7/9/21	21:00:48	-27.400219	151.788071	427.389984	0
7/9/21	21:01:45	-27.400219	151.788071	427.389984	0
7/9/21	21:02:42	-27.400219	151.788071	427.389984	0
7/9/21	21:03:39	-27.400219	151.788071	427.389984	0
7/9/21	21:04:36	-27.400219	151.788071	427.389984	0
7/9/21	21:05:33	-27.400219	151.788071	427.389984	0
7/9/21	21:06:30	-27.400219	151.788071	427.389984	0
7/9/21	21:07:27	-27.400219	151.788071	427.389984	0
7/9/21	21:08:24	-27.400219	151.788071	427.389984	0
7/9/21	21:09:21	-27.400219	151.788071	427.389984	0
7/9/21	21:10:18	-27.400219	151.788071	427.389984	0
7/9/21	21:11:15	-27.400219	151.788071	427.389984	0
7/9/21	21:12:12	-27.400219	151.788071	427.389984	0
7/9/21	21:13:09	-27.400219	151.788071	427.389984	0
7/9/21	21:14:06	-27.400219	151.788071	427.389984	0
7/9/21	21:15:03	-27.400219	151.788071	427.389984	0
7/9/21	21:16:00	-27.400219	151.788071	427.389984	0
7/9/21	21:16:57	-27.400219	151.788071	427.389984	0
7/9/21	21:17:54	-27.400219	151.788071	427.389984	0
7/9/21	21:18:51	-27.400219	151.788071	427.389984	0
7/9/21	21:19:48	-27.400219	151.788071	427.389984	0
7/9/21	21:20:45	-27.400219	151.788071	427.389984	0
7/9/21	21:21:42	-27.400219	151.788071	427.389984	0
7/9/21	21:22:39	-27.400219	151.788071	427.389984	0
7/9/21	21:23:36	-27.400219	151.788071	427.389984	0
7/9/21	21:24:33	-27.400219	151.788071	427.389984	0
7/9/21	21:25:30	-27.400219	151.788071	427.389984	0
7/9/21	21:26:27	-27.400219	151.788071	427.389984	0
7/9/21	21:27:24	-27.400219	151.788071	427.389984	0
7/9/21	21:28:21	-27.400219	151.788071	427.389984	0
7/9/21	21:29:18	-27.400219	151.788071	427.389984	0
7/9/21	21:30:15	-27.400219	151.788071	427.389984	0
7/9/21	21:31:12	-27.400219	151.788071	427.389984	0
7/9/21	21:32:09	-27.400219	151.788071	427.389984	0
7/9/21	21:33:06	-27.400219	151.788071	427.389984	0
7/9/21	21:34:03	-27.400219	151.788071	427.389984	0
7/9/21	21:35:00	-27.400219	151.788071	427.389984	0
7/9/21	21:35:57	-27.400219	151.788071	427.389984	0
7/9/21	21:36:54	-27.400219	151.788071	427.389984	0
7/9/21	21:37:51	-27.400219	151.788071	427.389984	0
7/9/21	21:38:48	-27.400219	151.788071	427.389984	0
7/9/21	21:39:45	-27.400219	151.788071	427.389984	0
7/9/21	21:40:42	-27.400219	151.788071	427.389984	0
7/9/21	21:41:39	-27.400219	151.788071	427.389984	0
7/9/21	21:42:36	-27.400219	151.788071	427.389984	0
7/9/21	21:43:33	-27.400219	151.788071	427.389984	0
7/9/21	21:44:30	-27.400219	151.788071	427.389984	0
7/9/21	21:45:27	-27.400219	151.788071	427.389984	0
7/9/21	21:46:24	-27.400219	151.788071	427.389984	0
7/9/21	21:47:21	-27.400219	151.788071	427.389984	0
7/9/21	21:48:18	-27.400219	151.788071	427.389984	0
7/9/21	21:49:15	-27.400219	151.788071	427.389984	0
7/9/21	21:50:12	-27.400219	151.788071	427.389984	0
7/9/21	21:51:09	-27.400219	151.788071	427.389984	0
7/9/21	21:52:06	-27.400219	151.788071	427.389984	0
7/9/21	21:53:03	-27.400219	151.788071	427.389984	0
7/9/21	21:54:00	-27.400219	151.788071	427.389984	0
7/9/21	21:54:57	-27.400219	151.788071	427.389984	0
7/9/21	21:55:54	-27.400219	151.788071	427.389984	0
7/9/21	21:56:51	-27.400219	151.788071	427.389984	0
7/9/21	21:57:48	-27.400219	151.788071	427.389984	0
7/9/21	21:58:45	-27.400219	151.788071	427.389984	0
7/9/21	21:59:42	-27.400219	151.788071	427.389984	0
7/9/21	22:00:39	-27.400219	151.788071	427.389984	0
7/9/21	22:01:36	-27.400219	151.788071	427.389984	0
7/9/21	22:02:33	-27.400219	151.788071	427.389984	0
7/9/21	22:03:30	-27.400219	151.788071	427.389984	0
7/9/21	22:04:27	-27.400219	151.788071	427.389984	0
7/9/21	22:05:24	-27.400219	151.788071	427.389984	0
7/9/21	22:06:21	-27.400219	151.788071	427.389984	0
7/9/21	22:07:18	-27.400219	151.788071	427.389984	0
7/9/21	22:08:15	-27.400219	151.788071	427.389984	0
7/9/21	22:09:12	-27.400219	151.788071	427.389984	0
7/9/21	22:10:09	-27.400219	151.788071	427.389984	0
7/9/21	22:11:06	-27.400219	151.788071	427.389984	0
7/9/21	22:12:03	-27.400219	151.788071	427.389984	0
7/9/21	22:13:00	-27.400219	151.788071	427.389984	0
7/9/21	22:13:57	-27.400219	151.788071	427.389984	0
7/9/21	22:14:54	-27.400219	151.788071	427.389984	0
7/9/21	22:15:51	-27.400219	151.788071	427.389984	0
7/9/21	22:16:48	-27.400219	151.788071	427.389984	0
7/9/21	22:17:45	-27.400219	151.788071	427.389984	0
7/9/21	22:18:42	-27.400219	151.788071	427.389984	0
7/9/21	22:19:39	-27.400219	151.788071	427.389984	0
7/9/21	22:20:36	-27.400219	151.788071	427.389984	0
7/9/21	22:21:33	-27.400219	151.788071	427.389984	0
7/9/21	22:22:30	-27.400219	151.788071	427.389984	0
7/9/21	22:23:27	-27.400219	151.788071	427.389984	0
7/9/21	22:24:24	-27.400219	151.788071	427.389984	0
7/9/21	22:25:21	-27.400219	151.788071	427.389984	0
7/9/21	22:26:18	-27.400219	151.788071	427.389984	0
7/9/21	22:27:15	-27.400219	151.788071	427.389984	0
7/9/21	22:28:12	-27.400219	151.788071	427.389984	0
7/9/21	22:29:09	-27.400219	151.788071	427.389984	0
7/9/21	22:30:06	-27.400219	151.788071	427.389984	0
7/9/21	22:31:03	-27.400219	151.788071	427.389984	0
7/9/21	22:32:00	-27.400219	151.788071	427.389984	0
7/9/21	22:32:57	-27.400219	151.788071	427.389984	0
7/9/21	22:33:54	-27.400219	151.788071	427.389984	0
7/9/21	22:34:51	-27.400219	151.788071	427.389984	0
7/9/21	22:35:48	-27.400219	151.788071	427.389984	0
7/9/21	22:36:45	-27.400219	151.788071	427.389984	0
7/9/21	22:37:42	-27.400219	151.788071	427.389984	0
7/9/21	22:38:39	-27.400219	151.788071	427.389984	0
7/9/21	22:39:36	-27.400219	151.788071	427.389984	0
7/9/21	22:40:33	-27.400219	151.788071	427.389984	0
7/9/21	22:41:30	-27.400219	151.788071	427.389984	0
7/9/21	22:42:27	-27.400219	151.788071	427.389984	0
7/9/21	22:43:24	-27.400219	151.788071	427.389984	0
7/9/21	22:44:21	-27.400219	151.788071	427.389984	0
7/9/21	22:45:18	-27.400219	151.788071	427.389984	0
7/9/21	22:46:15	-27.400219	151.788071	427.389984	0
7/9/21	22:47:12	-27.400219	151.788071	427.389984	0
7/9/21	22:48:09	-27.400219	151.788071	427.389984	0
7/9/21	22:49:06	-27.400219	151.788071	427.389984	0
7/9/21	22:50:03	-27.400219	151.788071	427.389984	0
7/9/21	22:51:00	-27.400219	151.788071	427.389984	0
7/9/21	22:51:57	-27.400219	151.788071	427.389984	0
7/9/21	22:52:54	-27.400219	151.788071	427.389984	0
7/9/21	22:53:51	-27.400219	151.788071	427.389984	0
7/9/21	22:54:48	-27.400219	151.788071	427.389984	0
7/9/21	22:55:45	-27.400219	151.788071	427.389984	0
7/9/21	22:56:42	-27.400219	151.788071	427.389984	0
7/9/21	22:57:39	-27.400219	151.788071	427.389984	0
7/9/21	22:58:36	-27.400219	151.788071	427.389984	0
7/9/21	22:59:33	-27.400219	151.788071	427.389984	0
7/9/21	23:00:30	-27.400219	151.788071	427.389984	0
7/9/21	23:01:27	-27.400219	151.788071	427.389984	0
7/9/21	23:02:24	-27.400219	151.788071	427.389984	0
7/9/21	23:03:21	-27.400219	151.788071	427.389984	0
7/9/21	23:04:18	-27.400219	151.788071	427.389984	0
7/9/21	23:05:15	-27.400219	151.788071	427.389984	0
7/9/21	23:06:12	-27.400219	151.788071	427.389984	0
7/9/21	23:07:09	-27.400219	151.788071	427.389984	0
7/9/21	23:08:06	-27.400219	151.788071	427.389984	0
7/9/21	23:09:03	-27.400219	151.788071	427.389984	0
7/9/21	23:10:00	-27.400219	151.788071	427.389984	0
7/9/21	23:10:57	-27.400219	151.788071	427.389984	0
7/9/21	23:11:54	-27.400219	151.788071	427.389984	0
7/9/21	23:12:51	-27.400219	151.788071	427.389984	0
7/9/21	23:13:48	-27.400219	151.788071	427.389984	0
7/9/21	23:14:45	-27.400219	151.788071	427.389984	0
7/9/21	23:15:42	-27.400219	151.788071	427.389984	0
7/9/21	23:16:39	-27.400219	151.788071	427.389984	0
7/9/21	23:17:36	-27.400219	151.788071	427.389984	0
7/9/21	23:18:33	-27.400219	151.788071	427.389984	0
7/9/21	23:19:30	-27.400219	151.788071	427.389984	0
7/9/21	23:20:27	-27.400219	151.788071	427.389984	0
7/9/21	23:21:24	-27.400219	151.788071	427.389984	0
7/9/21	23:22:21	-27.400219	151.788071	427.389984	0
7/9/21	23:23:18	-27.400219	151.788071	427.389984	0
7/9/21	23:24:15	-27.400219	151.788071	427.389984	0
7/9/21	23:25:12	-27.400219	151.788071	427.389984	0
7/9/21	23:26:09	-27.400219	151.788071	427.389984	0
7/9/21	23:27:06	-27.400219	151.788071	427.389984	0
7/9/21	23:28:03	-27.400219	151.788071	427.389984	0
7/9/21	23:29:00	-27.400219	151.788071	427.389984	0
7/9/21	23:29:57	-27.400219	151.788071	427.389984	0
7/9/21	23:30:54	-27.400219	151.788071	427.389984	0
7/9/21	23:31:51	-27.400219	151.788071	427.389984	0
7/9/21	23:32:48	-27.400219	151.788071	427.389984	0
7/9/21	23:33:45	-27.400219	151.788071	427.389984	0
7/9/21	23:34:42	-27.400219	151.788071	427.389984	0
7/9/21	23:35:39	-27.400219	151.788071	427.389984	0
7/9/21	23:36:36	-27.400219	151.788071	427.389984	0
7/9/21	23:37:33	-27.400219	151.788071	427.389984	0
7/9/21	23:38:30	-27.400219	151.788071	427.389984	0
7/9/21	23:39:27	-27.400219	151.788071	427.389984	0
7/9/21	23:40:24	-27.400219	151.788071	427.389984	0
7/9/21	23:41:21	-27.400219	151.788071	427.389984	0
7/9/21	23:42:18	-27.400219	151.788071	427.389984	0
7/9/21	23:43:15	-27.400219	151.788071	427.389984	0
7/9/21	23:44:12	-27.400219	151.788071	427.389984	0
7/9/21	23:45:09	-27.400219	151.788071	427.389984	0
7/9/21	23:46:06	-27.400219	151.788071	427.389984	0
7/9/21	23:47:03	-27.400219	151.788071	427.389984	0
7/9/21	23:48:00	-27.400219	151.788071	427.389984	0
7/9/21	23:48:57	-27.400219	151.788071	427.389984	0
7/9/21	23:49:54	-27.400219	151.788071	427.389984	0
7/9/21	23:50:51	-27.400219	151.788071	427.389984	0
7/9/21	23:51:48	-27.400219	151.788071	427.389984	0
7/9/21	23:52:45	-27.400219	151.788071	427.389984	0
7/9/21	23:53:42	-27.400219	151.788071	427.389984	0
7/9/21	23:54:39	-27.400219	151.788071	427.389984	0
7/9/21	23:55:36	-27.400219	151.788071	427.389984	0
7/9/21	23:56:33	-27.400219	151.788071	427.389984	0
7/9/21	23:57:30	-27.400219	151.788071	427.389984	0
7/9/21	23:58:27	-27.400219	151.788071	427.389984	0
7/9/21	23:59:24	-27.400219	151.788071	427.389984	0
8/9/21	0:00:21	-27.400219	151.788071	427.389984	0
8/9/21	0:01:18	-27.400219	151.788071	427.389984	0
8/9/21	0:02:15	-27.400219	151.788071	427.389984	0
8/9/21	0:03:12	-27.400219	151.788071	427.389984	0
8/9/21	0:04:09	-27.400219	151.788071	427.389984	0
8/9/21	0:05:06	-27.400219	151.788071	427.389984	0
8/9/21	0:06:03	-27.400219	151.788071	427.389984	0
8/9/21	0:07:00	-27.400219	151.788071	427.389984	0
8/9/21	0:07:57	-27.400219	151.788071	427.389984	0
8/9/21	0:08:54	-27.400219	151.788071	427.389984	0
8/9/21	0:09:51	-27.400139	151.788086	430.259979	9.034145
8/9/21	0:10:48	-27.400135	151.788086	430.289978	0.424175
8/9/21	0:11:45	-27.400135	151.788086	430.289978	0
8/9/21	0:12:42	-27.400135	151.788086	430.289978	0
8/9/21	0:13:39	-27.400135	151.788086	430.289978	0
8/9/21	0:14:36	-27.400135	151.788086	430.289978	0
8/9/21	0:15:33	-27.400135	151.788086	430.289978	0
8/9/21	0:16:30	-27.400135	151.788086	430.289978	0
8/9/21	0:17:27	-27.400135	151.788086	430.289978	0
8/9/21	0:18:24	-27.400135	151.788086	430.289978	0
8/9/21	0:19:21	-27.400135	151.788086	430.289978	0
8/9/21	0:20:18	-27.400135	151.788086	430.289978	0
8/9/21	0:21:15	-27.400135	151.788086	430.289978	0
8/9/21	0:22:12	-27.400135	151.788086	430.289978	0
8/9/21	0:23:09	-27.400135	151.788086	430.289978	0
8/9/21	0:24:06	-27.400135	151.788086	430.289978	0
8/9/21	0:25:03	-27.400135	151.788086	430.289978	0
8/9/21	0:26:00	-27.400135	151.788086	430.289978	0
8/9/21	0:26:57	-27.400135	151.788086	430.289978	0
8/9/21	0:27:54	-27.400135	151.788086	430.289978	0
8/9/21	0:28:51	-27.400135	151.788086	430.289978	0
8/9/21	0:29:48	-27.400135	151.788086	430.289978	0
8/9/21	0:30:45	-27.400135	151.788086	430.289978	0
8/9/21	0:31:42	-27.400135	151.788086	430.289978	0
8/9/21	0:32:39	-27.400135	151.788086	430.289978	0
8/9/21	0:33:36	-27.400135	151.788086	430.289978	0
8/9/21	0:34:33	-27.400135	151.788086	430.289978	0
8/9/21	0:35:30	-27.400135	151.788086	430.289978	0
8/9/21	0:36:27	-27.400135	151.788086	430.289978	0
8/9/21	0:37:24	-27.400135	151.788086	430.289978	0
8/9/21	0:38:21	-27.400135	151.788086	430.289978	0
8/9/21	0:39:18	-27.400135	151.788086	430.289978	0
8/9/21	0:40:15	-27.400135	151.788086	430.289978	0
8/9/21	0:41:12	-27.400135	151.788086	430.289978	0
8/9/21	0:42:09	-27.400135	151.788086	430.289978	0
8/9/21	0:43:06	-27.400135	151.788086	430.289978	0
8/9/21	0:44:03	-27.400135	151.788086	430.289978	0
8/9/21	0:45:00	-27.400135	151.788086	430.289978	0
8/9/21	0:45:57	-27.400135	151.788086	430.289978	0
8/9/21	0:46:54	-27.400135	151.788086	430.289978	0
8/9/21	0:47:51	-27.400135	151.788086	430.289978	0
8/9/21	0:48:48	-27.400135	151.788086	430.289978	0
8/9/21	0:49:45	-27.400135	151.788086	430.289978	0
8/9/21	0:50:42	-27.400135	151.788086	430.289978	0
8/9/21	0:51:39	-27.400135	151.788086	430.289978	0
8/9/21	0:52:36	-27.400135	151.788086	430.289978	0
8/9/21	0:53:33	-27.400135	151.788086	430.289978	0
8/9/21	0:54:30	-27.400135	151.788086	430.289978	0
8/9/21	0:55:27	-27.400135	151.788086	430.289978	0
8/9/21	0:56:24	-27.400135	151.788086	430.289978	0
8/9/21	0:57:21	-27.400135	151.788086	430.289978	0
8/9/21	0:58:18	-27.400135	151.788086	430.289978	0
8/9/21	0:59:15	-27.400135	151.788086	430.289978	0
8/9/21	1:00:12	-27.400135	151.788086	430.289978	0
8/9/21	1:01:09	-27.400135	151.788086	430.289978	0
8/9/21	1:02:06	-27.400135	151.788086	430.289978	0
8/9/21	1:03:03	-27.400135	151.788086	430.289978	0
8/9/21	1:04:00	-27.400135	151.788086	430.289978	0
8/9/21	1:04:57	-27.400135	151.788086	430.289978	0
8/9/21	1:05:54	-27.400135	151.788086	430.289978	0
8/9/21	1:06:51	-27.400135	151.788086	430.289978	0
8/9/21	1:07:48	-27.400135	151.788086	430.289978	0
8/9/21	1:08:45	-27.400135	151.788086	430.289978	0
8/9/21	1:09:42	-27.400135	151.788086	430.289978	0
8/9/21	1:10:39	-27.400135	151.788086	430.289978	0
8/9/21	1:11:36	-27.400135	151.788086	430.289978	0
8/9/21	1:12:33	-27.400135	151.788086	430.289978	0
8/9/21	1:13:30	-27.400135	151.788086	430.289978	0
8/9/21	1:14:27	-27.400135	151.788086	430.289978	0
8/9/21	1:15:24	-27.400135	151.788086	430.289978	0
8/9/21	1:16:21	-27.400135	151.788086	430.289978	0
8/9/21	1:17:18	-27.400135	151.788086	430.289978	0
8/9/21	1:18:15	-27.400135	151.788086	430.289978	0
8/9/21	1:19:12	-27.400135	151.788086	430.289978	0
8/9/21	1:20:09	-27.400135	151.788086	430.289978	0
8/9/21	1:21:06	-27.400135	151.788086	430.289978	0
8/9/21	1:22:03	-27.400135	151.788086	430.289978	0
8/9/21	1:23:00	-27.400135	151.788086	430.289978	0
8/9/21	1:23:57	-27.400135	151.788086	430.289978	0
8/9/21	1:24:54	-27.400135	151.788086	430.289978	0
8/9/21	1:25:51	-27.400135	151.788086	430.289978	0
8/9/21	1:26:48	-27.400135	151.788086	430.289978	0
8/9/21	1:27:45	-27.400135	151.788086	430.289978	0
8/9/21	1:28:42	-27.400135	151.788086	430.289978	0
8/9/21	1:29:39	-27.400135	151.788086	430.289978	0
8/9/21	1:30:36	-27.400135	151.788086	430.289978	0
8/9/21	1:31:33	-27.400135	151.788086	430.289978	0
8/9/21	1:32:30	-27.400135	151.788086	430.289978	0
8/9/21	1:33:27	-27.400135	151.788086	430.289978	0
8/9/21	1:34:24	-27.400135	151.788086	430.289978	0
8/9/21	1:35:21	-27.400135	151.788086	430.289978	0
8/9/21	1:36:18	-27.400135	151.788086	430.289978	0
8/9/21	1:37:15	-27.400135	151.788086	430.289978	0
8/9/21	1:38:12	-27.400135	151.788086	430.289978	0
8/9/21	1:39:09	-27.400135	151.788086	430.289978	0
8/9/21	1:40:06	-27.400135	151.788086	430.289978	0